{
  "Alasca": [
    52.3713958,
    4.9690576
  ],
  "Barlaeus Gymnasium": [
    52.3622182,
    4.8848119
  ],
  "Berlage Lyceum": [
    52.3489255,
    4.8998884
  ],
  "Calandlyceum": [
    52.3538022,
    4.8061461
  ],
  "Cartesius Amsterdam": [
    52.3778986,
    4.8760676
  ],
  "Comenius Lyceum Amsterdam": [
    52.3614383,
    4.8309923
  ],
  "Cornelius Haga Lyceum": [
    52.387923,
    4.8287524
  ],
  "Cygnus Gymnasium": [
    52.3550112,
    4.9126447
  ],
  "DENISE": [
    52.3660597,
    4.8371097
  ],
  "Damstede": [
    52.3953717,
    4.9268668
  ],
  "Fons Vitae Lyceum": [
    52.3517112,
    4.8784287
  ],
  "Geert Groote College": [
    52.3417594,
    4.8628283
  ],
  "Gerrit van der Veen College": [
    52.3487738,
    4.8746171
  ],
  "HLZ (Hervormd Lyceum Zuid)": [
    52.3481913,
    4.878747
  ],
  "Hervormd Lyceum West": [
    52.3624113,
    4.8256131
  ],
  "Het 4e Gymnasium": [
    52.3941814,
    4.8730885
  ],
  "Het Amsterdams Lyceum": [
    52.3512131,
    4.865166
  ],
  "Hyperion Lyceum": [
    52.3856461,
    4.9058383
  ],
  "Ir. Lely Lyceum": [
    52.29734,
    4.9786707
  ],
  "Kairos Tienercollege": [
    52.3906179,
    4.9251195
  ],
  "Lumion": [
    52.3465856,
    4.8354225
  ],
  "Marcanti College": [
    52.3752236,
    4.8661317
  ],
  "Metis Montessori Lyceum": [
    52.3617798,
    4.918157
  ],
  "Metropolis Lyceum": [
    52.3891583,
    4.9255208
  ],
  "Montessori Lyceum Amsterdam": [
    52.3550038,
    4.885466
  ],
  "Montessori Lyceum Pax": [
    52.3725796,
    4.9381457
  ],
  "Montessori Lyceum Terra Nova": [
    52.3512957,
    5.0043355
  ],
  "OSB": [
    52.3182996,
    4.9651766
  ],
  "Pieter Nieuwland College": [
    52.3497219,
    4.9236415
  ],
  "Spinoza Lyceum": [
    52.3426421,
    4.8659125
  ],
  "St. Nicolaaslyceum": [
    52.3415072,
    4.8781148
  ],
  "Vinse School": [
    52.3813999,
    4.8894626
  ],
  "Vossius Gymnasium": [
    52.3456859,
    4.883913
  ],
  "Xplore": [
    52.3991324,
    4.9261752
  ],
  "Ignatiusgymnasium": [
    52.3495634,
    4.8740741
  ]
}